name,url,username,password
www.airtel.in,https://www.airtel.in/s/selfcare/,9789824976,3306
www.amazon.com,https://www.amazon.com/ap/signin,9789824976,R@je$h$wet2
www.amazon.com,https://www.amazon.com/,9789824976,R@je$h$wet2
www.amazon.in,https://www.amazon.in/ap/signin,919789824976,R@je$h$wet2
www.amazon.in,https://www.amazon.in/ap/signin,9789824976,R@je$h$wet2
angel.co,https://angel.co/registrations/continue_after_social_login,rsharmaup9619@gmail.com,R2je4h4h2rm2
,android://otQb0tIAQE2Bf2SyjjafHxnvOfo2uOxTBgiAviXoq8PfywNOUmDBXATdYtfgXd3n8zKykDcR_KLGUuhDxeKpEA==@air.app.scb.breeze.android.main.in.prod/,rajesh9616,R2je4h4h2rm2
,android://jS2BMWLxGaB8U5FBMK9cMbrqbM-kuFOVyV_LTbfF-hYx_1MBGNYvnA97fQdA-J6P3JFLGuPlO0InT_5ETQvtcg==@naukriApp.appModules.login/,rajeshsharma7649@gmail.com,R2je4h4h2rm2
,android://jS2BMWLxGaB8U5FBMK9cMbrqbM-kuFOVyV_LTbfF-hYx_1MBGNYvnA97fQdA-J6P3JFLGuPlO0InT_5ETQvtcg==@naukriApp.appModules.login/,rsharmaup9619@gmail.com,R2je4h4h2rm2
www.camscanner.com,https://www.camscanner.com/user/changepwd,,R@je$h4h2rm2
learn.canvas.net,https://learn.canvas.net/,rajesh9616@gmail.com,R@je4h4h2rm2
challenge-ineuron.in,https://challenge-ineuron.in/login.php,rajesh9616@gmail.com,R@je4h4h2rm2
www.codeschool.com,https://www.codeschool.com/users,Rajesh96167,rajeshsharm2
app.codility.com,https://app.codility.com/programmers/lessons/2-arrays/odd_occurrences_in_array/start/,rajesh9616@gmail.com,R@je$h4h2rm2
,android://FNnRqhKARH5FT0XhALfTmWkERzpfoZ_DPQkR7s19LjuXBMhPZ6hItcuo-tqnz6Fnl0c6iRPAzcv-5fUH-OYn2w==@com.concur.breeze/,rajeshkumar.sharma@lntinfotech.com,R@je$h4h2rm2
www.concursolutions.com,https://www.concursolutions.com/nui/signin,rajeshkumar.sharma@lntinfotech.com,R@je$h4h2rm2
,android://OKPAc2p2TgPoPhcbTOpdPgcZ003odi2rTBFjuPW4kxkXaJjuaUEb74jC1qJa6MoEey7l5DtXqooqfxm6aKaLGQ==@org.coursera.android/,rajesh9616@gmail.com,R@je$h4h2rm2
www.coursera.org,https://www.coursera.org/learn/neural-networks-deep-learning,rajesh9616@gmail.com,R@je$h4h2rm2
cra-nsdl.com,https://cra-nsdl.com/CRA/ResetIPINURNGen.do,110114481114,R@je4h4h2rm2
,android://YuR84F6UsjNPNc8pcgG-SAetKvOeuVr9XOV0AOrJm6FARtC8vNK-uYtgauZVHMAnG2Ctuclsmy4_cV2xN8uqHw==@com.disha.quickride/,rajesh9616@gmail.com,R@je$h4h2rm2
passbook.epfindia.gov.in,https://passbook.epfindia.gov.in/MemberPassBook/Login.jsp,100498366085,R@je$h4h2rm2
passbook.epfindia.gov.in,https://passbook.epfindia.gov.in/MemberPassBook/Login.jsp,100498366085,R@je$h4h2rm2
unifiedportal-mem.epfindia.gov.in,https://unifiedportal-mem.epfindia.gov.in/memberinterface/no-auth/forgotPassword/forgotPasswordMain,,r@JE$H4H2RM2
unifiedportal-mem.epfindia.gov.in,https://unifiedportal-mem.epfindia.gov.in/memberinterface/,100498366085,R@je$h4h2rm2
sso.fidelityportal.com,https://sso.fidelityportal.com/idp/XkfXn/resumeSAML20/idp/SSO.ping,a640787,R@je4h$wet2
www.fieldglass.net,https://www.fieldglass.net/login.do,,$wet2R@je4h
www.fieldglass.net,https://www.fieldglass.net/mobile/mobile_login.jsp,rajeshkumar.sharma,R@je$h$wet@
accounts.firefox.com,https://accounts.firefox.com/complete_reset_password,rajesh9616@gmail.com,R@je4h4h2rm2
,android://vVYe7_T601X7964K2F8XGG-d_rF5vEIrDvPzsbizPLQIC3JOKYZaay6Y6hgDvx6i_k5Mep8KuslfvKICzkdMMQ==@com.flipkart.android/,9789824976,R@je$h4
,android://vVYe7_T601X7964K2F8XGG-d_rF5vEIrDvPzsbizPLQIC3JOKYZaay6Y6hgDvx6i_k5Mep8KuslfvKICzkdMMQ==@com.flipkart.android,9789824976,R@je$h4
practice.geeksforgeeks.org,https://practice.geeksforgeeks.org/courses/,rajesh9616@gmail.com,R2je4h4h2rm2
github.com,https://github.com/login,rajesh9616@gmail.com,R@je4h4h2rm2
github.com,https://github.com/session,rajesh9616@gmail.com,R@je4h4h2rm2
accounts.google.com,https://accounts.google.com/signin/v2/sl/pwd,documentsrajeshsharma,R2je4h4h2rm2
accounts.google.com,https://accounts.google.com/signup/v2/webcreateaccount,dsalgofiles,R@je4h4h2rm2
accounts.google.com,https://accounts.google.com/signin/v2/sl/pwd,rajesh9616,R2je4h4h2rm2
accounts.google.com,https://accounts.google.com/signin/v2/challenge/pwd,rajesh9616,R2je4h4h2rm2
accounts.google.com,https://accounts.google.com/signin/v2/challenge/pwd,rajesh9616@gmail.com,R2je4h4h2rm2
accounts.google.com,https://accounts.google.com/SignUp,rajeshsharma9789,R@je$h4h2rm2
accounts.google.com,https://accounts.google.com/AddSession,rsharmaup9619,R2je4h4h2rm2
accounts.google.com,https://accounts.google.com/signup/v2/webcreateaccount,shrmrjshkumar,R2je4h4h2rm2
drive.google.com,https://drive.google.com/drive/folders/1TzMoN3kWZJT89OHxLKKKA08NZFchlh3Y,10654801_2019.pdf,05061986
drive.google.com,https://drive.google.com/drive/u/0/folders/0B9EEciS6nVcIbmNNNUVyTGRmRDA,NSDLe-CAS_111984234_JAN_2018.PDF,BXIPS1024C
drive.google.com,https://drive.google.com/drive/u/0/folders/1TEkTExojyzR93__UsQZ0FwT9phtBUdC3,Oct-2018.pdf,BXIP0506
myaccount.google.com,https://myaccount.google.com/u/0/signinoptions/password,,R@je$h4h2rm2
www.grammarly.com,https://www.grammarly.com/signin,rajesh9616@gmail.com,R2je4h4h2rm2
investor-web.hdfcfund.com,https://investor-web.hdfcfund.com/registration/newInvestor,rajesh_kumar_sharma,R@je$h4h2rm2
id.heroku.com,https://id.heroku.com/login,rajesh9616@gmail.com,R@je4h4h2rm2
www.hirist.com,https://www.hirist.com/,rsharmaup9619@gmail.com,R2je4h4h2rm2
www.hotstar.com,https://www.hotstar.com/subscribe/signup,rajesh9616@gmail.com,R@je$h4
infinity.icicibank.com,https://infinity.icicibank.com/corp/AuthenticationController,rajeshsharma9616,R@je$h4h2rm2$wet@
shopping.icicibank.com,https://shopping.icicibank.com/,rajeshsharma9616,R@je$h4h2rm2$wet@
shopping.icicibank.com,https://shopping.icicibank.com/,rajeshsharma9616,R@je$hbaliram4h2rm2
secure.icicidirect.com,https://secure.icicidirect.com/IDirectTrading/Customer/CustomerOverview.aspx,icici-direct,$wet2R@je4h
secure.icicidirect.com,https://secure.icicidirect.com/idirecttrading/customer/login.aspx,rajeshsharma9616,$wet2R@je$h
portal.incometaxindiaefiling.gov.in,https://portal.incometaxindiaefiling.gov.in/e-Filing/ResetPassword/ValidateAadhaarOTP.html,BXIPS1024C,R@je$h4h2rm2
www1.incometaxindiaefiling.gov.in,https://www1.incometaxindiaefiling.gov.in/e-FilingGS/ResetPassword/ValidateAadhaarOTPGenerated.html,BXIPS1024C,R@je$h4h2rm2
,android://qbMQCZh-CU_SBn04UFat_bLMSicoFKWYI0MzXmOdBklD5gJcvH42kD8GXA5lvZmtq1ON0Dd8FAT6SLUIlwNUqA==@com.instagram.android/,6394160615,R2je4h4h2rm2
canvas.instructure.com,https://canvas.instructure.com/login/canvas,rajesh9616@gmail.com,R@je4h4h2rm2
www.interviewbit.com,https://www.interviewbit.com/test/a/ml-c11---employability-test---1,rajesh9616@gmail.com,R@je4h4wet2
,android://D-WS8D3_6VUCMPwyMqVtWYn2RTPMehqblLQHvtvehr9ow0ap-XXiwtxY6Lu4Uoym_81wQr-11AaGy3vO14Qoew==@com.intsig.camscanner/,rajesh9616@gmail.com,R@je$h4h2rm2
www.irctc.co.in,https://www.irctc.co.in/eticketing/userSignUp.jsf,raj96167,R2je4h4h2rm2
,android://aLSJR5XyrLbvU_xam2SUiDSea8DwEooKkduRRZVPx0kw1F63sx5hdQy0GiZCYr2F2JbQoqGp11FyCUdVq6qejA==@com.iw.purplepond/,Rajesh,R@je$h4
www.jio.com,https://www.jio.com/Jio/portal/activation.jspx,anitavishu64@gmail.com,2346aniv
careers.jio.com,https://careers.jio.com/,rsharmaup9619@gmail.com,R@je4h4h2rm2
signup.jio.com,https://signup.jio.com/,rajesh9616@gmail.com,R@je$h4h2rm2
enps.kfintech.com,https://enps.kfintech.com/login/login/,110114481114,R@je4h4h2rm2
ssc.larsentoubro.com,https://ssc.larsentoubro.com/PrmHome/Login/ResetPassword,10654801,R@je$h$wet@
ssc.larsentoubro.com,https://ssc.larsentoubro.com/PrmHome,10654801,R@je$h$wet@
ebiz.licindia.in,https://ebiz.licindia.in/D2CPM/,rajesh9616,R@je$h4h2rm2
,android://pBowWSLvFMHp-Qulwesr2bSrcr9vsiPPhGed3xcXj5ZNJccRGvbP7pPFSqeoQ8NHooDFe29iIWzU_fETWE2UpQ==@com.linkedin.android/,rajesh9616@gmail.com,R2je4h4h2rm2
,android://pBowWSLvFMHp-Qulwesr2bSrcr9vsiPPhGed3xcXj5ZNJccRGvbP7pPFSqeoQ8NHooDFe29iIWzU_fETWE2UpQ==@com.linkedin.android,rajesh9616@gmail.com,R2je4h4h2rm2
www.linkedin.com,https://www.linkedin.com/checkpoint/lg/login-submit,rajesh9616@gmail.com,R@je$h4
account.live.com,https://account.live.com/password/reset,,R2je4h4h2rm2
login.live.com,https://login.live.com/ppsecure/post.srf,+91 97898 24976,R2je4h4h2rm2B
adpass.lntinfotech.com,https://adpass.lntinfotech.com/authorization.do,10654801,R@je$h4h2rm2
greymatter.lntinfotech.com,https://greymatter.lntinfotech.com/,10654801,R@je4h4wet2
iconnect.lntinfotech.com,https://iconnect.lntinfotech.com/sap/bc/ui5_ui5/ui2/ushell/shells/abap/FioriLaunchpad.html,RajeshKumar.Sharma@lntinfotech.com,R@je4h4wet2
impetus.lntinfotech.com,https://impetus.lntinfotech.com/P001/wfrmEmsInternetLogin.aspx,10654801,R2je4h4h2rm2
sso.lntinfotech.com,https://sso.lntinfotech.com/SSC/Login.aspx,10654801,R2je4h4h2rm2
sso.lntinfotech.com,https://sso.lntinfotech.com/,rajeshkumar.sharma@lntinfotech.com,R@je$h4h2rm2
sso.lntinfotech.com,https://sso.lntinfotech.com/SSC/Login.aspx,rajeshkumar.sharma@lntinfotech.com,R@je4h4wet2
sts.lntinfotech.com,https://sts.lntinfotech.com/,RajeshKumar.Sharma@lntinfotech.com,R@je4h4wet2
sts.lntinfotech.com,https://sts.lntinfotech.com/,rajeshkumar.sharma@lntinfotech.com,R@je4h4wet2
sts.lntinfotech.com,https://sts.lntinfotech.com/,rajeshkumar.sharma@lntinfotech.com,R@je4h4wet2
webmail.lntinfotech.com,https://webmail.lntinfotech.com/owa/auth/logon.aspx,RajeshKumar.Sharma@lntinfotech.com,R@je4h4wet2
online.lntmf.com,https://online.lntmf.com/MFO_login.aspx,rajesh9616,R@je$hbaliram4h2rm2
localhost,http://localhost:3000/,root,ABCa1234567
localhost,http://localhost:4200/login,mosh@domain.com,1234
localhost,http://localhost:8010/,pratyush,pratyush
localhost,http://localhost:8080/COB/login/login.jsp,PK,123
localhost,http://localhost:8080/COB/login/login.jsp,Priya,123
localhost,http://localhost:8080/COB/login/login.jsp,Rajesh,123
localhost,http://localhost:8080/COB/login/login.jsp,SK,123
localhost,http://localhost:8080/COB/login/login.jsp,apolson,123
localhost,http://localhost:9090/COB/login/login.jsp,MK,123
localhost,http://localhost:9090/COB/login/login.jsp,apolson,123
www.makemytrip.com,https://www.makemytrip.com/,rajesh9616@gmail.com,R@je$h4h2rm2
flights.makemytrip.com,"https://flights.makemytrip.com/makemytrip/search/R/R/E/1/0/0/S/V0/BOM_GOI_24-09-2018,GOI_BOM_26-09-2018",rajesh9616@gmail.com,R@je$h4h2rm2
supportz.makemytrip.com,https://supportz.makemytrip.com/login,rajesh9616@gmail.com,R@je$h4h2rm2
portal.medibuddy.in,https://portal.medibuddy.in/Home.aspx,LT10654801,R@je$h10654801
portal.medibuddy.in,https://portal.medibuddy.in/UserProfile.aspx,rajeshkumar.sharma@lntinfotech.com,LT10654801
selfcare.metronet.in,http://selfcare.metronet.in/synnefoclient/HdTBy9EucEDqSvI-rFpUyL7jimU_thLXLd2otkVvTkg,rajesh72,123456
selfcare.metronet.in,https://selfcare.metronet.in/synnefoclient/HdTBy9EucEDqSvI-rFpUyL7jimU_thLXLd2otkVvTkg,rajesh72,123456
mettl.com,https://mettl.com/corporate/login,rajesh9616@gmail.com,R2je4h4h2rm2
mettl.com,https://mettl.com/corporate/login,sweta.vishwakarma@inifarms.com,R@je4h4h2rm2
codesim.mettl.com,https://codesim.mettl.com/applicant/signup/,rajesh9616@gmail.com,R@je$h4h2rm2
mlab.com,https://mlab.com/login/,Rajesh9616,R@je$h4h2rm2
mlab.com,https://mlab.com/login/,rajesh9616,rajesh4
accounts.moneycontrol.com,https://accounts.moneycontrol.com/mclogin,sivacit,siva1982
investmentwatch.moneycontrol.com,http://investmentwatch.moneycontrol.com/,Username,Password
purplepond.my-portfolio.in,https://purplepond.my-portfolio.in/Login.aspx,Rajesh,R@je$h4
wf6.myhcl.com,https://wf6.myhcl.com/SmartVerifyrevamptpa/candidate/login.aspx,rsharmaup9619@gmail.com,E712A64C
www.myuniverse.co.in,https://www.myuniverse.co.in/sitepages/zipsipsecuritysetup.aspx,,R@je$h4h2rm2
nationalskillsregistry.com,https://nationalskillsregistry.com/nasscom/pageflows/itp/itpRegistration/ITPTermAndConditionAction.do;jsessionid=UujuFcMAbRleEwQvErqRovbS,rajesh96,R@je$h4h2rm2
www.naukri.com,https://www.naukri.com/,pawankgupta.se@gmail.com,p@w@n6186
www.naukri.com,https://www.naukri.com/nlogin/logout,rsharmaup9619@gmail.com,R2je4h4h2rm2
login.naukri.com,https://login.naukri.com/nLogin/Login.php,rsharmaup9619@gmail.com,R2je4h4h2rm2
my.naukri.com,https://my.naukri.com/account/register/basicdetails,rajeshsharmaupmgs@gmail.com,R2je4h4h2rm2
,android://_Y29G5EOlaPv6MbuXP42J5QQyhjQ6JCrMvQSCMBKUKAIu5NraAXrYcwNLwFNl9yYwRk_N_QIR1M9hcUzPJRISg==@com.nestaway.customerapp/,rajesh9616@gmail.com,
,android://Jzj5T2E45Hb33D-lk-EHZVCrb7a064dEicTwrTYQYGXO99JqE2YERhbMP1qLogwJiy87OsBzC09Gk094Z-U_hg==@com.netflix.mediaclient/,vishu.sweta7898@gmail.com,123456789
www.netflix.com,https://www.netflix.com/signup/regform,anitavishu64@gmail.com,123456789
www.netflix.com,https://www.netflix.com/in/login,pingsandeshb@gmail.com,Movies#123
www.netflix.com,https://www.netflix.com/,rajesh9616@gmail.com,R2je4h4h2rm2
www.netflix.com,https://www.netflix.com/signup/regform,rsharmaup9619@gmail.com,R@je4h4h2rm2
www.netflix.com,https://www.netflix.com/in/login,sweta8814@gmail.com,R@je$h4h2rm2
www.netflix.com,https://www.netflix.com/signup/regform,sweta8814@gmail.com,R@je$h4h2rm2
www.netflix.com,https://www.netflix.com/in/login,vishu.sweta7898@gmail.com,123456789
upgrad.nimblebox.ai,https://upgrad.nimblebox.ai/login,rajesh9616@gmail.com,R2je4h4h2rm2
www.nobroker.in,https://www.nobroker.in/,rajesh9616@gmail.com,
,android://ga_XcxkaCEgIy1By76LwD1S0_YOWa1gANnKhhmOEomlFhgZCsN4yVJhcvmqMP4e2mxTfQVQVrNh5h3F7G9bRPg==@net.one97.paytm/,9789824976,R2je4h4
oniverify.onicra.com,https://oniverify.onicra.com/NewCI/Account/login,rsharmaup9619@gmail.com,R@je$h4h2rm2
home.openweathermap.org,https://home.openweathermap.org/users/sign_up,rajesh shrma,R2je4h4h2rm2
,android://Phq3nb2EEa2-CDLzjfGKp7vLA2DJwy37uAbU-QzhK-haWQHVactn6LmS9QJ4gbLUT6W4upZE090cd4qoaLG7Sg==@com.oppo.usercenter/,9789824976,R@je$h4h2rm@
login.oracle.com,https://login.oracle.com/mysso/signon.jsp,rajesh9616@gmail.com,R@je4h123456789
profile.oracle.com,https://profile.oracle.com/myprofile/account/create-account.jspx,rajesh9616@gmail.com,R@je4h123456789
portal1.passportindia.gov.in,https://portal1.passportindia.gov.in/AppOnlineProject/user/userLoginValidateAction,USHASHARMAMGS9616,R2je4h4h2rm2
www.patanjaliayurved.net,https://www.patanjaliayurved.net/customer/register,rajesh9616@gmail.com,R@je$h4
,android://tQ_ENDATxnMxq8tnf3_VmDuNTIrP772yQBC5qRCOww45pqLLOkQjpGuedolB8EYKs7Vg9bIiqOmc3hJf6KNj0g==@com.phonepe.app/,Rajesh Kumar Sharma,9789824976
account.run.pivotal.io,https://account.run.pivotal.io/z/uaa/sign-up,rajesh9616@gmail.com,R@je4h4h2rm2
login.run.pivotal.io,https://login.run.pivotal.io/login,rajesh9616@gmail.com,R@je4h4h2rm2
www.roadpanda.com,https://www.roadpanda.com/bookings/login,rajesh9616@gmail.com,R2je4h4h2rm2
4connect.siemens.com,https://4connect.siemens.com/ERPApply/Account,rsharmaup9619@gmail.com,R@je4h4h2rm2
app.slack.com,https://app.slack.com/client/T011NA9EV7H/learning-slack,Rajesh Sharma,R@je4h4h2rm2
accounts.snapchat.com,https://accounts.snapchat.com/accounts/login,rajesh9616@gmail.com,R2je4h4h2rm2
,android://79xEc7TXh3cNp5rV9kci8i6AYyfPq8BmRomGIiNpLtXCAx3qy5RICnOQLbMJaQ1UNGV_N7sSK1dLpTmEZQ8csg==@com.spotify.music/,rajesh9616@gmail.com,R@je4h4h2rm2
stackoverflow.com,https://stackoverflow.com/users/login,rajesh9616@gmail.com,R@je$h05412256239
ibank.standardchartered.co.in,https://ibank.standardchartered.co.in/nfs/login.htm,rajesh9616,R2je4h4h2rm2
www.storytel.com,https://www.storytel.com/in/en/password.action,,R@je$h4h2rm2
,android://hbZlYMD2yHei8OaT_cDk254ITBjdCc83TVIG-Z3sIKLgIrA0M1UauFmgbYKoaMf-HhiEKlSO6DTQmaa7XZ8cOg==@grit.storytel.app/,rajesh9616@gmail.com,R2je4h4h2rm2
career10.successfactors.com,https://career10.successfactors.com/,rsharmaup9619@gmail.com,R@je$h4h2rm2
onboarding12.successfactors.com,https://onboarding12.successfactors.com/ONB/UserProfile.aspx,rsharmaup9619@gmail.com,R@je$h4h2rm2
career5.successfactors.eu,https://career5.successfactors.eu/career,,R@je$h4h2rm2
performancemanager5.successfactors.eu,https://performancemanager5.successfactors.eu/login,10654801,R2je4h4h2rm2
,android://2ldc02IcfcAUrQreAB-lNzEaDipe15QUC3N9jvdPz8y2S4iZLGy-dbyWf_DEe1Ysjcf8kRCsF1XxyfMd36ydlQ==@in.swiggy.android/,9789824976,R2je4h4h2rm2
,android://2ldc02IcfcAUrQreAB-lNzEaDipe15QUC3N9jvdPz8y2S4iZLGy-dbyWf_DEe1Ysjcf8kRCsF1XxyfMd36ydlQ==@in.swiggy.android/,rajesh9616@gmail.com,R2je4h4h2rm2
tiaa.taleo.net,https://tiaa.taleo.net/careersection/iam/accessmanagement/changePassword.jsf,Rajesh9619,R2je4h4h2rm2
ttdsevaonline.com,https://ttdsevaonline.com/,rajesh9616@gmail.com,R@je$h4h2rm2
accounts.uber.com,https://accounts.uber.com/forgot-password/,,R2je4h4h2rm2
login.ubuntu.com,https://login.ubuntu.com/token/gDXBRPGGpLDG34Zg8Qpk/+resetpassword/rajesh9616@gmail.com,,R@je4h4h2rm2
www.udemy.com,https://www.udemy.com/course/learn-and-master-git-github-from-zero-to-hero/,a640787@fmr.com,633598
www.udemy.com,https://www.udemy.com/join/login-popup/,bicky1991@gmail.com,123456789
www.udemy.com,https://www.udemy.com/penetration-testing/,rajesh9616@gmail.com,R@je$h4h2rm2
www.udemy.com,https://www.udemy.com/logout/,sweta8814@gmail.com,R@je$h4h2rm2
www.upgrad.com,https://www.upgrad.com/,rajesh9616@gmail.com,R2je4h4h2rm2
www.upgrad.com,https://www.upgrad.com/signup/,rajesh9616@gmail.com,R2je4h4h2rm2
learn.upgrad.com,https://learn.upgrad.com/login,rajesh9616@gmail.com,R2je4h4h2rm2
learn.upgrad.com,https://learn.upgrad.com/login,rajesh9616@gmail.com,R2je4h4h2rm2
passport.vivo.com,https://passport.vivo.com/in/pass/register/page2,911762,R@je$h4h2rm2
ashleyfurniture.webex.com,https://ashleyfurniture.webex.com/ashleyfurniture/ldr.php,,jV3Gy4jx
www.winni.in,https://www.winni.in/customer/signup,rajesh9616@gmail.com,R2je4h4h2rm2
account.xiaomi.com,https://account.xiaomi.com/pass/serviceLogin,9789824976,R2je4h4h2rm2
secure.yatra.com,https://secure.yatra.com/social/common/yatra/signin.htm,rajesh9616@gmail.com,R@je$h4h2rm2
,android://06ELLp1UfhpwwGx6SVAXx-0L_PDHc5a3ZjSTCNPVmu0mqgP1Qx4SYZuc2rX9NCqBVq0iNNH5iOCu3emdUxv-bA==@app.yulu.bike/,6394160615,R2je4h4h2rm2
